{
  "IsEncrypted": false,
  "Values": {
    "WEBSITE_SLOT_NAME": "Production",
    "FUNCTIONS_EXTENSION_VERSION": "~3",
    "ScmType": "None",
    "WEBSITE_AUTH_ENABLED": "False",
    "WEBSITE_RUN_FROM_PACKAGE": "1",
    "APPINSIGHTS_INSTRUMENTATIONKEY": "2054264f-28dd-4c79-b91d-d011a7e2d2ff",
    "WEBSITE_CONTENTAZUREFILECONNECTIONSTRING": "DefaultEndpointsProtocol=https;AccountName=csharphttptrigger;AccountKey=KRDPJ5jVDYVE4vrPdf6SxXxcF7hCwrU0xsOUzvemz4Q7TpGmEPRrRQLEvk0ePCNIMe17rIlxcowgcpbsGWt1sg==;EndpointSuffix=core.windows.net",
    "WEBSITE_CONTENTSHARE": "csharphttptrigger911710",
    "FUNCTIONS_WORKER_RUNTIME": "dotnet",
    "WEBSITE_SITE_NAME": "CSharpHttpTrigger",
    "AzureWebJobsStorage": "DefaultEndpointsProtocol=https;AccountName=csharphttptrigger;AccountKey=KRDPJ5jVDYVE4vrPdf6SxXxcF7hCwrU0xsOUzvemz4Q7TpGmEPRrRQLEvk0ePCNIMe17rIlxcowgcpbsGWt1sg==;EndpointSuffix=core.windows.net"
  }
}